{
  "total_cases": 10,
<<<<<<< Updated upstream
  "decision_accuracy": 0.7,
  "rag_hit_rate": 1.0,
  "p50_latency_ms": 7469.334699911997,
  "p95_latency_ms": 8729.06420007348,
  "avg_cost_per_request": 0.001994625
=======
  "decision_accuracy": 0.9,
  "rag_hit_rate": 0.9,
  "p50_latency_ms": 7644.762800075114,
  "p95_latency_ms": 8343.642400112003,
  "avg_cost_per_request": 0.00190281
>>>>>>> Stashed changes
}